datetime,precip_mm,precip_prob,source
2026-09-11 00:00:00,0.0,,dwd
2026-09-11 01:00:00,0.0,,dwd
2026-09-11 02:00:00,0.0,,dwd
2026-09-11 03:00:00,0.0,,dwd
2026-09-11 04:00:00,0.0,,dwd
2026-09-11 05:00:00,0.0,,dwd
2026-09-11 06:00:00,0.0,,dwd
2026-09-11 07:00:00,0.0,,dwd
2026-09-11 08:00:00,0.0,,dwd
2026-09-11 09:00:00,0.0,,dwd
2026-09-11 10:00:00,0.0,,dwd
2026-09-11 11:00:00,0.0,,dwd
2026-09-11 12:00:00,0.0,,dwd
2026-09-11 13:00:00,0.0,,dwd
2026-09-11 14:00:00,0.0,,dwd
2026-09-11 15:00:00,0.0,,dwd
2026-09-11 16:00:00,0.0,,dwd
2026-09-11 17:00:00,0.0,,dwd
2026-09-11 18:00:00,0.0,,dwd
2026-09-11 19:00:00,0.0,,dwd
2026-09-11 20:00:00,0.0,10.0,dwd
2026-09-11 21:00:00,0.0,10.0,dwd
2026-09-11 22:00:00,0.0,12.0,dwd
2026-09-11 23:00:00,0.0,11.0,dwd
2026-09-12 00:00:00,0.0,8.0,dwd
2026-09-12 01:00:00,0.0,6.0,dwd
2026-09-12 02:00:00,0.0,2.0,dwd
2026-09-12 03:00:00,0.0,3.0,dwd
2026-09-12 04:00:00,0.0,3.0,dwd
2026-09-12 05:00:00,0.0,3.0,dwd
2026-09-12 06:00:00,0.0,4.0,dwd
2026-09-12 07:00:00,0.0,4.0,dwd
2026-09-12 08:00:00,0.0,2.0,dwd
2026-09-12 09:00:00,0.0,2.0,dwd
2026-09-12 10:00:00,0.0,2.0,dwd
2026-09-12 11:00:00,0.0,2.0,dwd
2026-09-12 12:00:00,0.0,3.0,dwd
2026-09-12 13:00:00,0.0,3.0,dwd
2026-09-12 14:00:00,0.0,2.0,dwd
2026-09-12 15:00:00,0.0,1.0,dwd
2026-09-12 16:00:00,0.0,2.0,dwd
2026-09-12 17:00:00,0.0,2.0,dwd
2026-09-12 18:00:00,0.0,2.0,dwd
2026-09-12 19:00:00,0.0,4.0,dwd
2026-09-12 20:00:00,0.0,4.0,dwd
2026-09-12 21:00:00,0.0,6.0,dwd
2026-09-12 22:00:00,0.0,9.0,dwd
2026-09-12 23:00:00,0.0,12.0,dwd
2026-09-13 00:00:00,0.0,17.0,dwd
2026-09-13 01:00:00,0.3,26.0,dwd
2026-09-13 02:00:00,0.3,29.0,dwd
2026-09-13 03:00:00,0.4,34.0,dwd
2026-09-13 04:00:00,0.5,39.0,dwd
2026-09-13 05:00:00,0.6,48.0,dwd
2026-09-13 06:00:00,0.6,50.0,dwd
2026-09-13 07:00:00,0.6,53.0,dwd
2026-09-13 08:00:00,0.6,53.0,dwd
2026-09-13 09:00:00,0.5,53.0,dwd
2026-09-13 10:00:00,0.4,50.0,dwd
2026-09-13 11:00:00,0.3,50.0,dwd
2026-09-13 12:00:00,0.3,47.0,dwd
2026-09-13 13:00:00,0.4,39.0,dwd
2026-09-13 14:00:00,0.4,38.0,dwd
2026-09-13 15:00:00,0.5,40.0,dwd
2026-09-13 16:00:00,0.6,39.0,dwd
2026-09-13 17:00:00,0.8,50.0,dwd
2026-09-13 18:00:00,0.4,50.0,dwd
2026-09-13 19:00:00,0.4,42.0,dwd
2026-09-13 20:00:00,0.4,38.0,dwd
2026-09-13 21:00:00,0.3,31.0,dwd
2026-09-13 22:00:00,0.3,29.0,dwd
2026-09-13 23:00:00,0.2,24.0,dwd
2026-09-14 00:00:00,0.0,17.0,dwd
2026-09-14 01:00:00,0.0,14.0,dwd
2026-09-14 02:00:00,0.0,13.0,dwd
2026-09-14 03:00:00,0.0,9.0,dwd
2026-09-14 04:00:00,0.0,9.0,dwd
2026-09-14 05:00:00,0.0,7.0,dwd
2026-09-14 06:00:00,0.0,7.0,dwd
2026-09-14 07:00:00,0.0,7.0,dwd
2026-09-14 08:00:00,0.0,9.0,dwd
2026-09-14 09:00:00,0.0,8.0,dwd
2026-09-14 10:00:00,0.0,6.0,dwd
2026-09-14 11:00:00,0.0,5.0,dwd
2026-09-14 12:00:00,0.0,4.0,dwd
2026-09-14 13:00:00,0.0,3.0,dwd
2026-09-14 14:00:00,0.0,3.0,dwd
2026-09-14 15:00:00,0.0,2.0,dwd
2026-09-14 16:00:00,0.0,1.0,dwd
2026-09-14 17:00:00,0.0,1.0,dwd
2026-09-14 18:00:00,0.0,1.0,dwd
2026-09-14 19:00:00,0.0,1.0,dwd
2026-09-14 20:00:00,0.0,1.0,dwd
2026-09-14 21:00:00,0.0,0.0,open-meteo
2026-09-14 22:00:00,0.0,0.0,open-meteo
2026-09-14 23:00:00,0.0,0.0,open-meteo
2026-09-15 00:00:00,0.0,0.0,open-meteo
2026-09-15 01:00:00,0.0,0.0,open-meteo
2026-09-15 02:00:00,0.0,0.0,open-meteo
2026-09-15 03:00:00,0.0,1.0,open-meteo
2026-09-15 04:00:00,0.0,2.0,open-meteo
2026-09-15 05:00:00,0.0,3.0,open-meteo
2026-09-15 06:00:00,0.0,5.0,open-meteo
2026-09-15 07:00:00,0.0,6.0,open-meteo
2026-09-15 08:00:00,0.0,8.0,open-meteo
2026-09-15 09:00:00,0.0,9.0,open-meteo
2026-09-15 10:00:00,0.0,10.0,open-meteo
2026-09-15 11:00:00,0.0,11.0,open-meteo
2026-09-15 12:00:00,0.0,13.0,open-meteo
2026-09-15 13:00:00,0.0,15.0,open-meteo
2026-09-15 14:00:00,0.0,18.0,open-meteo
2026-09-15 15:00:00,0.0,23.0,open-meteo
2026-09-15 16:00:00,0.0,29.0,open-meteo
2026-09-15 17:00:00,0.0,37.0,open-meteo
2026-09-15 18:00:00,0.2,44.0,open-meteo
2026-09-15 19:00:00,0.2,49.0,open-meteo
2026-09-15 20:00:00,0.2,53.0,open-meteo
2026-09-15 21:00:00,1.0,54.0,open-meteo
2026-09-15 22:00:00,1.0,54.0,open-meteo
2026-09-15 23:00:00,1.0,52.0,open-meteo
2026-09-16 00:00:00,1.1,50.0,open-meteo
2026-09-16 01:00:00,1.1,47.0,open-meteo
2026-09-16 02:00:00,1.1,45.0,open-meteo
2026-09-16 03:00:00,0.3,43.0,open-meteo
2026-09-16 04:00:00,0.3,40.0,open-meteo
2026-09-16 05:00:00,0.3,37.0,open-meteo
2026-09-16 06:00:00,0.0,34.0,open-meteo
2026-09-16 07:00:00,0.0,31.0,open-meteo
2026-09-16 08:00:00,0.0,30.0,open-meteo
2026-09-16 09:00:00,0.0,30.0,open-meteo
2026-09-16 10:00:00,0.0,30.0,open-meteo
2026-09-16 11:00:00,0.0,32.0,open-meteo
2026-09-16 12:00:00,0.2,35.0,open-meteo
2026-09-16 13:00:00,0.2,36.0,open-meteo
2026-09-16 14:00:00,0.2,37.0,open-meteo
2026-09-16 15:00:00,0.8,38.0,open-meteo
2026-09-16 16:00:00,0.8,37.0,open-meteo
2026-09-16 17:00:00,0.8,36.0,open-meteo
2026-09-16 18:00:00,0.2,36.0,open-meteo
2026-09-16 19:00:00,0.2,35.0,open-meteo
2026-09-16 20:00:00,0.2,34.0,open-meteo
2026-09-16 21:00:00,0.0,33.0,open-meteo
2026-09-16 22:00:00,0.0,32.0,open-meteo
2026-09-16 23:00:00,0.0,31.0,open-meteo
2026-09-17 00:00:00,0.0,30.0,open-meteo
2026-09-17 01:00:00,0.0,29.0,open-meteo
2026-09-17 02:00:00,0.0,28.0,open-meteo
2026-09-17 03:00:00,0.0,27.0,open-meteo
2026-09-17 04:00:00,0.0,25.0,open-meteo
2026-09-17 05:00:00,0.0,24.0,open-meteo
2026-09-17 06:00:00,0.0,22.0,open-meteo
2026-09-17 07:00:00,0.0,21.0,open-meteo
2026-09-17 08:00:00,0.0,19.0,open-meteo
2026-09-17 09:00:00,0.0,17.0,open-meteo
2026-09-17 10:00:00,0.0,16.0,open-meteo
2026-09-17 11:00:00,0.0,15.0,open-meteo
2026-09-17 12:00:00,0.0,14.0,open-meteo
2026-09-17 13:00:00,0.0,13.0,open-meteo
2026-09-17 14:00:00,0.0,13.0,open-meteo
2026-09-17 15:00:00,0.0,13.0,open-meteo
2026-09-17 16:00:00,0.0,14.0,open-meteo
2026-09-17 17:00:00,0.0,15.0,open-meteo
2026-09-17 18:00:00,0.0,17.0,open-meteo
2026-09-17 19:00:00,0.0,18.0,open-meteo
2026-09-17 20:00:00,0.0,20.0,open-meteo
2026-09-17 21:00:00,0.0,22.0,open-meteo
2026-09-17 22:00:00,0.0,23.0,open-meteo
2026-09-17 23:00:00,0.0,25.0,open-meteo
2026-09-18 00:00:00,0.5,26.0,open-meteo
2026-09-18 01:00:00,0.5,27.0,open-meteo
2026-09-18 02:00:00,0.5,28.0,open-meteo
2026-09-18 03:00:00,0.0,28.0,open-meteo
2026-09-18 04:00:00,0.0,28.0,open-meteo
2026-09-18 05:00:00,0.0,28.0,open-meteo
2026-09-18 06:00:00,0.0,28.0,open-meteo
2026-09-18 07:00:00,0.0,28.0,open-meteo
2026-09-18 08:00:00,0.0,27.0,open-meteo
2026-09-18 09:00:00,0.2,27.0,open-meteo
2026-09-18 10:00:00,0.2,26.0,open-meteo
2026-09-18 11:00:00,0.2,25.0,open-meteo
2026-09-18 12:00:00,0.2,25.0,open-meteo
2026-09-18 13:00:00,0.2,24.0,open-meteo
2026-09-18 14:00:00,0.2,23.0,open-meteo
2026-09-18 15:00:00,0.1,22.0,open-meteo
2026-09-18 16:00:00,0.1,21.0,open-meteo
2026-09-18 17:00:00,0.1,20.0,open-meteo
2026-09-18 18:00:00,0.0,19.0,open-meteo
2026-09-18 19:00:00,0.0,17.0,open-meteo
2026-09-18 20:00:00,0.0,16.0,open-meteo
2026-09-18 21:00:00,0.0,15.0,open-meteo
2026-09-18 22:00:00,0.0,14.0,open-meteo
2026-09-18 23:00:00,0.0,13.0,open-meteo
2026-09-19 00:00:00,0.0,13.0,open-meteo
2026-09-19 01:00:00,0.0,12.0,open-meteo
2026-09-19 02:00:00,0.0,10.0,open-meteo
2026-09-19 03:00:00,0.0,9.0,open-meteo
2026-09-19 04:00:00,0.0,8.0,open-meteo
2026-09-19 05:00:00,0.0,8.0,open-meteo
2026-09-19 06:00:00,0.0,8.0,open-meteo
2026-09-19 07:00:00,0.0,8.0,open-meteo
2026-09-19 08:00:00,0.0,8.0,open-meteo
2026-09-19 09:00:00,0.0,8.0,open-meteo
2026-09-19 10:00:00,0.0,8.0,open-meteo
2026-09-19 11:00:00,0.0,8.0,open-meteo
2026-09-19 12:00:00,0.0,8.0,open-meteo
2026-09-19 13:00:00,0.0,9.0,open-meteo
2026-09-19 14:00:00,0.0,10.0,open-meteo
2026-09-19 15:00:00,0.3,12.0,open-meteo
2026-09-19 16:00:00,0.3,14.0,open-meteo
2026-09-19 17:00:00,0.3,17.0,open-meteo
2026-09-19 18:00:00,0.3,20.0,open-meteo
2026-09-19 19:00:00,0.3,22.0,open-meteo
2026-09-19 20:00:00,0.3,24.0,open-meteo
2026-09-19 21:00:00,1.0,25.0,open-meteo
2026-09-19 22:00:00,1.0,24.0,open-meteo
2026-09-19 23:00:00,1.0,24.0,open-meteo
2026-09-20 00:00:00,1.0,23.0,open-meteo
2026-09-20 01:00:00,1.0,23.0,open-meteo
2026-09-20 02:00:00,1.0,22.0,open-meteo
2026-09-20 03:00:00,0.2,22.0,open-meteo
2026-09-20 04:00:00,0.2,21.0,open-meteo
2026-09-20 05:00:00,0.2,21.0,open-meteo
2026-09-20 06:00:00,0.2,21.0,open-meteo
2026-09-20 07:00:00,0.2,20.0,open-meteo
2026-09-20 08:00:00,0.2,20.0,open-meteo
2026-09-20 09:00:00,0.1,20.0,open-meteo
2026-09-20 10:00:00,0.1,21.0,open-meteo
2026-09-20 11:00:00,0.1,22.0,open-meteo
2026-09-20 12:00:00,0.1,23.0,open-meteo
2026-09-20 13:00:00,0.1,24.0,open-meteo
2026-09-20 14:00:00,0.1,25.0,open-meteo
2026-09-20 15:00:00,0.1,27.0,open-meteo
2026-09-20 16:00:00,0.1,29.0,open-meteo
2026-09-20 17:00:00,0.1,30.0,open-meteo
2026-09-20 18:00:00,0.1,31.0,open-meteo
2026-09-20 19:00:00,0.1,32.0,open-meteo
2026-09-20 20:00:00,0.1,31.0,open-meteo
2026-09-20 21:00:00,0.1,27.0,open-meteo
2026-09-20 22:00:00,0.1,22.0,open-meteo
2026-09-20 23:00:00,0.1,17.0,open-meteo
2026-09-21 00:00:00,0.1,11.0,open-meteo
2026-09-21 01:00:00,0.1,6.0,open-meteo
2026-09-21 02:00:00,0.1,2.0,open-meteo
2026-09-21 03:00:00,0.0,1.0,open-meteo
2026-09-21 04:00:00,0.0,2.0,open-meteo
2026-09-21 05:00:00,0.0,3.0,open-meteo
2026-09-21 06:00:00,0.0,4.0,open-meteo
2026-09-21 07:00:00,0.0,6.0,open-meteo
2026-09-21 08:00:00,0.0,8.0,open-meteo
2026-09-21 09:00:00,0.0,9.0,open-meteo
2026-09-21 10:00:00,0.0,10.0,open-meteo
2026-09-21 11:00:00,0.0,11.0,open-meteo
2026-09-21 12:00:00,0.0,12.0,open-meteo
2026-09-21 13:00:00,0.0,13.0,open-meteo
2026-09-21 14:00:00,0.0,14.0,open-meteo
2026-09-21 15:00:00,0.1,16.0,open-meteo
2026-09-21 16:00:00,0.1,19.0,open-meteo
2026-09-21 17:00:00,0.1,21.0,open-meteo
2026-09-21 18:00:00,0.1,23.0,open-meteo
2026-09-21 19:00:00,0.1,25.0,open-meteo
2026-09-21 20:00:00,0.1,25.0,open-meteo
2026-09-21 21:00:00,0.0,24.0,open-meteo
2026-09-21 22:00:00,0.0,21.0,open-meteo
2026-09-21 23:00:00,0.0,19.0,open-meteo
2026-09-22 00:00:00,0.0,16.0,open-meteo
2026-09-22 01:00:00,0.0,14.0,open-meteo
2026-09-22 02:00:00,0.0,12.0,open-meteo
2026-09-22 03:00:00,0.0,12.0,open-meteo
2026-09-22 04:00:00,0.0,12.0,open-meteo
2026-09-22 05:00:00,0.0,13.0,open-meteo
2026-09-22 06:00:00,0.0,14.0,open-meteo
2026-09-22 07:00:00,0.0,15.0,open-meteo
2026-09-22 08:00:00,0.0,16.0,open-meteo
2026-09-22 09:00:00,0.0,17.0,open-meteo
2026-09-22 10:00:00,0.0,19.0,open-meteo
2026-09-22 11:00:00,0.0,20.0,open-meteo
2026-09-22 12:00:00,0.0,21.0,open-meteo
2026-09-22 13:00:00,0.0,23.0,open-meteo
2026-09-22 14:00:00,0.0,24.0,open-meteo
2026-09-22 15:00:00,0.0,26.0,open-meteo
2026-09-22 16:00:00,0.0,28.0,open-meteo
2026-09-22 17:00:00,0.0,29.0,open-meteo
2026-09-22 18:00:00,0.0,30.0,open-meteo
2026-09-22 19:00:00,0.0,31.0,open-meteo
2026-09-22 20:00:00,0.0,31.0,open-meteo
2026-09-22 21:00:00,0.0,29.0,open-meteo
2026-09-22 22:00:00,0.0,27.0,open-meteo
2026-09-22 23:00:00,0.0,24.0,open-meteo
2026-09-23 00:00:00,0.0,21.0,open-meteo
2026-09-23 01:00:00,0.0,18.0,open-meteo
2026-09-23 02:00:00,0.0,16.0,open-meteo
2026-09-23 03:00:00,0.6,16.0,open-meteo
2026-09-23 04:00:00,0.6,17.0,open-meteo
2026-09-23 05:00:00,0.6,18.0,open-meteo
2026-09-23 06:00:00,0.6,19.0,open-meteo
2026-09-23 07:00:00,0.6,21.0,open-meteo
2026-09-23 08:00:00,0.6,22.0,open-meteo
2026-09-23 09:00:00,0.1,22.0,open-meteo
2026-09-23 10:00:00,0.1,21.0,open-meteo
2026-09-23 11:00:00,0.1,20.0,open-meteo
2026-09-23 12:00:00,0.1,20.0,open-meteo
2026-09-23 13:00:00,0.1,19.0,open-meteo
2026-09-23 14:00:00,0.1,20.0,open-meteo
2026-09-23 15:00:00,0.3,22.0,open-meteo
2026-09-23 16:00:00,0.3,25.0,open-meteo
2026-09-23 17:00:00,0.3,28.0,open-meteo
2026-09-23 18:00:00,0.3,31.0,open-meteo
2026-09-23 19:00:00,0.3,34.0,open-meteo
2026-09-23 20:00:00,0.3,35.0,open-meteo
2026-09-23 21:00:00,0.0,34.0,open-meteo
2026-09-23 22:00:00,0.0,31.0,open-meteo
2026-09-23 23:00:00,0.0,28.0,open-meteo
2026-09-24 00:00:00,0.0,25.0,open-meteo
2026-09-24 01:00:00,0.0,21.0,open-meteo
2026-09-24 02:00:00,0.0,18.0,open-meteo
2026-09-24 03:00:00,0.0,16.0,open-meteo
2026-09-24 04:00:00,0.0,15.0,open-meteo
2026-09-24 05:00:00,0.0,14.0,open-meteo
2026-09-24 06:00:00,0.0,14.0,open-meteo
2026-09-24 07:00:00,0.0,14.0,open-meteo
2026-09-24 08:00:00,0.0,14.0,open-meteo
2026-09-24 09:00:00,0.1,15.0,open-meteo
2026-09-24 10:00:00,0.1,16.0,open-meteo
2026-09-24 11:00:00,0.1,18.0,open-meteo
2026-09-24 12:00:00,0.1,20.0,open-meteo
2026-09-24 13:00:00,0.1,22.0,open-meteo
2026-09-24 14:00:00,0.1,24.0,open-meteo
2026-09-24 15:00:00,0.3,26.0,open-meteo
2026-09-24 16:00:00,0.3,27.0,open-meteo
2026-09-24 17:00:00,0.3,28.0,open-meteo
2026-09-24 18:00:00,0.3,29.0,open-meteo
2026-09-24 19:00:00,0.3,29.0,open-meteo
2026-09-24 20:00:00,0.3,29.0,open-meteo
2026-09-24 21:00:00,0.0,28.0,open-meteo
2026-09-24 22:00:00,0.0,27.0,open-meteo
2026-09-24 23:00:00,0.0,26.0,open-meteo
2026-09-25 00:00:00,0.0,25.0,open-meteo
2026-09-25 01:00:00,0.0,23.0,open-meteo
2026-09-25 02:00:00,0.0,22.0,open-meteo
2026-09-25 03:00:00,0.0,21.0,open-meteo
2026-09-25 04:00:00,0.0,20.0,open-meteo
2026-09-25 05:00:00,0.0,19.0,open-meteo
2026-09-25 06:00:00,0.0,18.0,open-meteo
2026-09-25 07:00:00,0.0,18.0,open-meteo
2026-09-25 08:00:00,0.0,18.0,open-meteo
2026-09-25 09:00:00,0.1,18.0,open-meteo
2026-09-25 10:00:00,0.1,19.0,open-meteo
2026-09-25 11:00:00,0.1,19.0,open-meteo
2026-09-25 12:00:00,0.1,19.0,open-meteo
2026-09-25 13:00:00,0.1,20.0,open-meteo
2026-09-25 14:00:00,0.1,20.0,open-meteo
2026-09-25 15:00:00,0.8,21.0,open-meteo
2026-09-25 16:00:00,0.8,22.0,open-meteo
2026-09-25 17:00:00,0.8,23.0,open-meteo
2026-09-25 18:00:00,0.8,24.0,open-meteo
2026-09-25 19:00:00,0.8,24.0,open-meteo
2026-09-25 20:00:00,0.8,24.0,open-meteo
2026-09-25 21:00:00,0.0,22.0,open-meteo
2026-09-25 22:00:00,0.0,20.0,open-meteo
2026-09-25 23:00:00,0.0,17.0,open-meteo
2026-09-26 00:00:00,0.0,14.0,open-meteo
2026-09-26 01:00:00,0.0,11.0,open-meteo
2026-09-26 02:00:00,0.0,10.0,open-meteo
2026-09-26 03:00:00,0.0,9.0,open-meteo
2026-09-26 04:00:00,0.0,10.0,open-meteo
2026-09-26 05:00:00,0.0,,open-meteo
2026-09-26 06:00:00,0.0,,open-meteo
2026-09-26 07:00:00,0.0,,open-meteo
2026-09-26 08:00:00,0.0,,open-meteo
2026-09-26 09:00:00,0.0,,open-meteo
2026-09-26 10:00:00,0.0,,open-meteo
2026-09-26 11:00:00,0.0,,open-meteo
2026-09-26 12:00:00,0.0,,open-meteo
2026-09-26 13:00:00,0.0,,open-meteo
2026-09-26 14:00:00,0.0,,open-meteo
2026-09-26 15:00:00,0.0,,open-meteo
2026-09-26 16:00:00,0.0,,open-meteo
2026-09-26 17:00:00,0.0,,open-meteo
2026-09-26 18:00:00,0.0,,open-meteo
2026-09-26 19:00:00,0.0,,open-meteo
2026-09-26 20:00:00,0.0,,open-meteo
2026-09-26 21:00:00,0.0,,open-meteo
2026-09-26 22:00:00,0.0,,open-meteo
2026-09-26 23:00:00,0.0,,open-meteo
